2,mido,"Corporis velit doloribus repellat et. Vel recusandae laboriosam corporis. Ut iste vel voluptas ipsum. Cum pariatur accusantium pariatur qui."
3,"travelling to the future","Architecto saepe nesciunt ipsam itaque. Eum minus ut cupiditate sunt ut blanditiis. Architecto velit quaerat quo in."
4,"travelling to the future","Aut quis nihil possimus et necessitatibus. Sint dolorem consequuntur eum sunt. Qui ea ut voluptas facilis quasi. Quo laudantium esse vitae dolor vel quo."
5,"travelling to the future","Quo a odit culpa molestias sunt. Labore maiores eum beatae quia omnis. Voluptatem nihil iure quis eos laboriosam placeat. Architecto aliquam voluptas repellat nam voluptatibus maiores."
6,"travelling to the future","Qui aliquid molestias dignissimos quidem quia non rerum. Nam quas qui qui cum qui facilis et. Ut aut consequatur est fuga."
7,"travelling to the future","Voluptas corporis incidunt eius aliquid aut qui. Vero quia hic eum minima quia. Qui vel fuga corrupti earum consectetur cum. Sapiente fuga et libero sed voluptatem est."
8,"travelling to the future","Ut beatae temporibus perferendis tempore voluptate molestiae ut. Aspernatur laborum aut aut. Eum dolor qui et ullam similique."
9,"travelling to the future","Neque fuga reprehenderit dolorum distinctio id quam. Ut voluptatem et quibusdam unde. Qui vel voluptas aut ut laudantium quis autem. Corporis architecto ea odit in laudantium."
10,"travelling to the future","Vero repellat maxime sunt nulla excepturi in aut. Porro doloremque saepe occaecati dolorem deleniti blanditiis eveniet. A quas exercitationem voluptatem quis in."
11,"travelling to the future","Temporibus assumenda quisquam sed iusto voluptas. Commodi minus nihil rerum reprehenderit qui soluta saepe. Et impedit et est corporis et fuga. Itaque mollitia vel recusandae debitis consectetur."
